question|answer
Apa itu type data?|Sebuah tipe data yang berisi kumpulan data
Apa itu tipe data dasar?|Sebuah tipe data yang berisi data dasar
Apa itu tipe data non-dasar?|Sebuah tipe data yang berisi data non-dasar
Apa itu tipe data built-in?|Sebuah tipe data yang sudah ada
Apa itu tipe data non-built-in?|Sebuah tipe data yang dibuat sendiri
Apa saja tipe data dasar pada go-lang?|Integer; string; float; boolean; complex
Apa type data dengan bilangan bulat?|Integer
Apa type data dengan bilangan desimal?|Float
Apa type data yang hanya memiliki dua nilai?|Boolean
Apa type data yang memiliki bilangan real dan imajiner?|Complex
Apa type data yang berisi karakter atau teks?|String
Apa type data yang berisi kumpulan karakter?|Slice
Apa type data yang berisi kumpulan data dengan key dan value?|Map
Apa type data yang berisi kumpulan data dengan tipe data yang sama?|Array
Apa type data yang berisi bilangan bulat positif dan negatif?|Integer
Apa type data yang berisi bilangan bulat positif saja?|Uint
Apa type data yang berisi bilangan desimal positif dan negatif?|Float
Type data Integer dibagi menjadi apa saja?|Int8; Int16; Int32; Int64
Type data Uint dibagi menjadi apa saja?|Uint8; Uint16; Uint32; Uint64
Type data Float dibagi menjadi apa saja?|Float32; Float64
Type data Complex dibagi menjadi apa saja?|Complex64; Complex128
Uint digunakan untuk bilangan bulat apa?|Positif
Int digunakan untuk bilangan bulat apa?|Negatif dan Positif
Float digunakan untuk bilangan desimal apa?|Positif dan Negatif
Apa penanda untuk tipe data string?|menggunakan tanda kutip(" "/ ' '/ ` `)
Apa penanda untuk type data integer?|tidak menggunakan tanda kutip dan hanya berisi angka
Apa penanda untuk type data float?|tidak menggunakan tanda kutip dan berisi angka dengan koma
Apa penanda untuk type data boolean?|berisi true atau false
Apa itu type data Interface?|Sebuah tipe data yang berisi kumpulan method
Apa itu type data Struct?|Sebuah tipe data yang berisi kumpulan field
Apa itu type data Pointer?|Sebuah tipe data yang berisi alamat memori
Apa itu type data Range?|Sebuah tipe data yang berisi kumpulan data dengan index
Apa itu type data Slice?|Sebuah tipe data yang berisi kumpulan data dengan panjang dinamis
Apa itu type data Map?|Sebuah tipe data yang berisi kumpulan data dengan key dan value
Apa itu type data Array?|Sebuah tipe data yang berisi kumpulan data dengan tipe data yang sama
Berapa jumlah tipe data dasar pada go-lang?|sebelas
Berapa panjang tipe data string?|Tidak terbatas
Berapa panjang tipe data int8?|8 bit
Berapa rentang tipe data int8?|-128 sampai 127
Berapa panjang tipe data int16?|16 bit
Berapa rentang tipe data int16?|-32768 sampai 32767
Berapa panjang tipe data int32?|32 bit
Berapa rentang tipe data int32?|-2147483648 sampai 2147483647
Berapa panjang tipe data int64?|64 bit
Berapa rentang tipe data int64?|-9223372036854775808 sampai 9223372036854775807
Berapa panjang tipe data uint8?|8 bit
Berapa rentang tipe data uint8?|0 sampai 255
Berapa panjang tipe data uint16?|16 bit
Berapa rentang tipe data uint16?|0 sampai 65535
Berapa panjang tipe data uint32?|32 bit
Berapa rentang tipe data uint32?|0 sampai 4294967295
Berapa panjang tipe data uint64?|64 bit
Berapa rentang tipe data uint64?|0 sampai 18446744073709551615
Apa type data untuk waktu pada go-lang?|Time
Apa type data untuk tanggal pada go-lang?|Date
Apa type data untuk waktu dan tanggal pada go-lang?|DateTime
Apa itu Int pada go-lang?|Tipe data integer
Apa itu Uint pada go-lang?|Tipe data integer positif
Apa itu Float pada go-lang?|Tipe data desimal
Apa itu Complex pada go-lang?|Tipe data bilangan real dan imajiner
Apa itu String pada go-lang?|Tipe data karakter atau teks
Apa itu bool pada go-lang?|Tipe data boolean
Apa itu Any pada go-lang?|Tipe data apapun
Any bernilai apa pada go-lang?|Interface{}
Bagaimana jika ingin membuat tipe data sendiri pada go-lang?|Menggunakan keyword type
Apa itu tipe data kustom pada go-lang?|Tipe data yang dibuat sendiri
Apa itu tipe data alias pada go-lang?|Tipe data yang memiliki nama lain
Apa itu tipe data anonim pada go-lang?|Tipe data yang tidak memiliki nama
Apa itu tipe data built-in pada go-lang?|Tipe data yang sudah ada
Apa itu tipe data non-built-in pada go-lang?|Tipe data yang dibuat sendiri
Interface{} memiliki type alias apa?|Any
Apa type data untuk nilai error pada go-lang?|Error
Apa itu type data error pada go-lang?|Sebuah tipe data yang berisi pesan error
Apa yang terjadi jika type data error tidak dihandle?|Program akan berhenti
Apa yang terjadi jika type string dibuat tanpa tanda kutip?|akan Error
Apa yang terjadi jika type integer dibuat dengan tanda kutip?|akan dianggap String
Apa yang terjadi jika type float dibuat dengan tanda kutip?|akan dianggap String
Apa yang terjadi jika type boolean dibuat dengan tanda kutip?|akan dianggap String
Apa perbedaan type data int dan uint?|int memiliki nilai negatif dan positif; uint hanya memiliki nilai positif
Apa itu type data rune pada go-lang?|Sebuah tipe data alias dari int32
Apa itu type data byte pada go-lang?|Sebuah tipe data alias dari uint8
Apa itu type data uintptr pada go-lang?|Sebuah tipe data yang berisi alamat memori
Apa itu type data nil pada go-lang?|Sebuah tipe data yang berisi nilai kosong
Apakah type data nil memiliki type?|Tidak; hanya memiliki value
Bagaimana mengkonversi type data integer ke string?|Menggunakan strconv.Itoa()
Bagaimana mengkonversi type data string ke integer?|Menggunakan strconv.Atoi()
Bagaimana mengkonversi type data float ke string?|Menggunakan strconv.FormatFloat()
Bagaimana mengkonversi type data string ke float?|Menggunakan strconv.ParseFloat()
Bagaimana mengkonversi type data boolean ke string?|Menggunakan strconv.FormatBool()
Bagaimana mengkonversi type data string ke boolean?|Menggunakan strconv.ParseBool()
Bagaimana mengkonversi type data integer ke float?|Menggunakan float64()
Bagaimana mengkonversi type data float ke integer?|Menggunakan int()
Bagaimana mengkonversi type data integer ke uint?|Menggunakan uint()
Bagaimana mengkonversi type data uint ke integer?|Menggunakan int()
Apa itu type data complex pada go-lang?|Sebuah tipe data yang berisi bilangan real dan imajiner
Bagaimana mengkonversi type data integer ke complex?|Menggunakan complex()
Bagaimana mengkonversi type data float ke complex?|Menggunakan complex()
Bagaimana mengkonversi type data complex ke integer?|Menggunakan real()
Bagaimana mengkonversi type data complex ke float?|Menggunakan imag()
Bagaimana mengkonversi type data complex ke string?|Menggunakan fmt.Sprintf()
Bagaimana mengkonversi type data string ke complex?|Menggunakan fmt.Sscanf()
Apa yang terjadi jika type data integer dikonversi ke float?|akan menjadi bilangan desimal
Apa yang terjadi jika type data float dikonversi ke integer?|akan menjadi bilangan bulat
Apa yang terjadi jika type data integer dikonversi ke uint?|akan menjadi bilangan bulat positif
Apa yang terjadi jika type data uint dikonversi ke integer?|akan menjadi bilangan bulat positif/negatif
Apa yang terjadi jika type data integer dikonversi ke complex?|akan menjadi bilangan real
Apa yang terjadi jika type data float dikonversi ke complex?|akan menjadi bilangan real
Apa yang terjadi jika type data complex dikonversi ke integer?|akan menjadi bilangan bulat
Apa yang terjadi jika type data complex dikonversi ke float?|akan menjadi bilangan desimal
Apa yang terjadi jika mengkonversi type data string non-numeric ke integer?|akan error
Apa yang terjadi jika mengkonversi type data string non-numeric ke float?|akan error
Apa perbedaan Array dan Slice pada go-lang?|Array memiliki panjang tetap; Slice memiliki panjang dinamis
Apa perbedaan Array dan Map pada go-lang?|Array memiliki index; Map memiliki key
Apa perbedaan Array dan Struct pada go-lang?|Array memiliki tipe data sama; Struct memiliki tipe data berbeda
Apakah Array bisa diubah panjangnya?|Tidak; harus membuat array baru
Apakah Slice bisa diubah panjangnya?|Bisa; menggunakan append()
Apakah Map bisa diubah panjangnya?|Bisa; menggunakan delete()
Apakah Struct bisa diubah panjangnya?|Tidak; harus membuat struct baru
Apakah Array bisa diubah isinya?|Bisa; menggunakan index
Apakah Slice bisa diubah isinya?|Bisa; menggunakan index
Apakah Map bisa diubah isinya?|Bisa; menggunakan key
Apakah Struct bisa diubah isinya?|Bisa; menggunakan field
Apakah Array bisa dihapus isinya?|Tidak; harus membuat array baru
Apakah Slice bisa dihapus isinya?|Bisa; menggunakan append()
Apakah Map bisa dihapus isinya?|Bisa; menggunakan delete()
Apakah Struct bisa dihapus isinya?|Bisa; menggunakan field
Apakah Array bisa dihapus panjangnya?|Tidak; harus membuat array baru
Apakah Slice bisa dihapus panjangnya?|Bisa; menggunakan append()
Apakah Map bisa dihapus panjangnya?|Bisa; menggunakan delete()
Apakah Struct bisa dihapus panjangnya?|Tidak; harus membuat struct baru
Apakah Go memiliki tipe data untuk merepresentasikan tanggal dan waktu?|Ya menggunakan time.Time
Apakah Go memiliki type data untuk merepresentasikan binary data?|Ya menggunakan []byte
Apakah type data struct dapat berisi type data yang sama di dalamnya?|Ya; menggunakan pointer
Apakah Go memiliki tipe data untuk merepresentasikan bilangan kompleks?|Ya menggunakan complex64 dan complex128
Apakah Go memiliki tipe data untuk merepresentasikan bilangan bulat?|Ya menggunakan int8; int16; int32; int64; uint8; uint16; uint32; uint64
Apakah Go memiliki tipe data untuk merepresentasikan bilangan pecahan?|Ya menggunakan float32 dan float64
Apakah Go memiliki tipe data untuk merepresentasikan bilangan positif dan negatif?|Ya menggunakan int8; int16; int32; int64; float32; float64
Apakah Go memiliki tipe data untuk merepresentasikan bilangan positif saja?|Ya menggunakan uint8; uint16; uint32; uint64
Apakah Go memiliki tipe data untuk merepresentasikan bilangan real dan imajiner?|Ya menggunakan complex64 dan complex128
Apakah Go memiliki tipe data untuk merepresentasikan bilangan desimal?|Ya menggunakan float32 dan float64
Bagaimana membuat type data untuk parameter pada fungsi?|Menggunakan nama type data yang disediakan oleh go-lang seperti int; string; float; boolean; complex
Bagaimana membuat type data untuk return value pada fungsi?|Menggunakan nama type data yang disediakan oleh go-lang seperti int; string; float; boolean; complex
Bagaimana membuat type data untuk variabel?|Menggunakan nama type data yang disediakan oleh go-lang seperti int; string; float; boolean; complex
Apakah bisa menggunakan type data lain untuk parameter pada fungsi?|Bisa; menggunakan type data kustom
Apakah bisa menggunakan type data lain untuk return value pada fungsi?|Bisa; menggunakan type data kustom
Apakah bisa menggunakan type data lain untuk variabel?|Bisa; menggunakan type data kustom
Bagaimana membuat type data kustom pada go-lang?|Menggunakan keyword type dan nama type data yang diinginkan diikuti dengan Isi dari type data yang diinginkan
Bagaimana mambuat type data untuk parameter di fungsi?|Menggunakan nama parameter lalu diikuti nama type data yang diinginkan disebelahnya
Bagaimana mambuat type data untuk return value di fungsi?|Menggunakan nama return value lalu diikuti nama type data yang diinginkan disebelahnya
Bagaimana mambuat type data untuk variabel?|Menggunakan nama variabel lalu diikuti nama type data yang diinginkan disebelahnya
Apakah bisa menggunakan type data kustom untuk parameter di fungsi?|Bisa jika sudah dibuat
Apakah bisa membuat type data alias untuk type data kustom?|Bisa; dengan membuat nama alias lalu diikuti dengan type datanya
Bagaimana jika parameter memiliki type data yang sama berurutan pada fungsi?|Bisa dengan memberikan nama type data yang sama satu persatu atau memberikan type data pada parameter terakhir saja
Bagaimana membuat type data pada return value?|bisa memberikan nama type data saja atau juga bisa menambahkan alias untuk type datanya
Apa perbedaan antara array dan slice dalam Go?|Array memiliki panjang tetap; Slice memiliki panjang dinamis
Bagaimana cara menginisialisasi sebuah map dalam Go?|Menggunakan keyword var lalu diikuti nama variabel dan type data map
Apa itu tipe data interface kosong (interface{}) dalam Go dan bagaimana cara menggunakannya?|Sebuah tipe data yang berisi kumpulan method; menggunakan keyword interface{} lalu diikuti nama method
Apa kegunaan dari tipe data pointer dalam Go?|Sebuah tipe data yang berisi alamat memori
Bagaimana cara mengkonversi tipe data pointer ke tipe data non-pointer dalam Go?|Menggunakan tanda * diikuti nama type data
Apa yang dimaksud dengan tipe data channel dalam Go dan bagaimana cara penggunaannya?|Sebuah tipe data yang berisi kumpulan data; menggunakan keyword chan lalu diikuti nama type data
Bagaimana cara menggunakan tipe data struct dalam Go untuk merepresentasikan data yang kompleks?|Menggunakan keyword struct lalu diikuti nama field
Apa itu tipe data rune dalam Go dan kapan sebaiknya digunakan?|Sebuah tipe data alias dari int32; digunakan untuk merepresentasikan karakter
Bagaimana cara membuat tipe data alias (alias type) dalam Go?|Menggunakan keyword type lalu diikuti nama alias dan type data yang diinginkan
Apa perbedaan antara tipe data integer dengan tipe data floating point dalam Go?|Integer berisi bilangan bulat; Floating point berisi bilangan desimal
Bagaimana cara menggunakan tipe data time.Time untuk memanipulasi waktu dalam Go?|Menggunakan keyword time lalu diikuti nama method
Apa itu tipe data byte dalam Go dan kapan sebaiknya digunakan?|Sebuah tipe data alias dari uint8; digunakan untuk merepresentasikan data binary
Bagaimana cara mengubah tipe data antara string; integer; dan floating point dalam Go?|Menggunakan package strconv
Apa itu tipe data error dan bagaimana cara menggunakannya dalam pemrograman Go?|Sebuah tipe data yang berisi pesan error; menggunakan keyword error
Bagaimana cara membuat tipe data custom (kustom) dengan metode penerusan (embedding) dalam Go?|Menggunakan keyword type lalu diikuti nama type data yang diinginkan diikuti dengan type data yang diinginkan
Bagaimana cara menginisialisasi sebuah slice kosong dalam Go?|Menggunakan keyword var lalu diikuti nama variabel dan type data slice
Apa yang dimaksud dengan casting tipe data dalam Go?|Casting tipe data adalah proses mengubah nilai dari satu tipe data ke tipe data lain yang sesuai
Apa kegunaan dari tipe data pointer dalam Go?|Tipe data pointer digunakan untuk menyimpan alamat memori dari suatu nilai; memungkinkan kita untuk mengakses dan memanipulasi nilai tersebut secara langsung di lokasi memori
Bagaimana cara mengkonversi tipe data pointer ke tipe data non-pointer dalam Go?|Anda dapat mengkonversi tipe data pointer ke tipe data non-pointer dengan menggunakan operator dereference (*)
Apa yang dimaksud dengan tipe data channel dalam Go dan bagaimana cara penggunaannya?|Tipe data channel adalah tipe data yang digunakan untuk mengirim dan menerima data antara goroutine
Bagaimana cara menggunakan tipe data struct dalam Go untuk merepresentasikan data yang kompleks?|Anda dapat menggunakan tipe data struct untuk merepresentasikan data yang kompleks dengan mendefinisikan struktur data yang terdiri dari beberapa field
Apa itu tipe data rune dalam Go dan kapan sebaiknya digunakan?|Tipe data rune adalah tipe data yang digunakan untuk merepresentasikan karakter Unicode; tipe data ini sebaiknya digunakan ketika Anda ingin bekerja dengan karakter yang tidak terbatas pada ASCII
Bagaimana cara membuat tipe data alias (alias type) dalam Go?|Anda dapat membuat tipe data alias dengan menggunakan keyword type diikuti dengan nama alias dan tipe data yang ingin di-alias
Apa perbedaan antara tipe data integer dengan tipe data floating point dalam Go?|Tipe data integer digunakan untuk merepresentasikan bilangan bulat; sementara tipe data floating point digunakan untuk merepresentasikan bilangan desimal
Bagaimana cara menggunakan tipe data time.Time untuk memanipulasi waktu dalam Go?|Anda dapat menggunakan tipe data time.Time untuk memanipulasi waktu dalam Go dengan menggunakan metode-metode yang disediakan oleh package time
Apa itu tipe data byte dalam Go dan kapan sebaiknya digunakan?|Tipe data byte adalah tipe data yang digunakan untuk merepresentasikan data binary; tipe data ini sebaiknya digunakan ketika Anda ingin bekerja dengan data binary seperti file atau protokol jaringan
Bagaimana cara mengubah tipe data antara string; integer; dan floating point dalam Go?|Anda dapat mengubah tipe data antara string; integer; dan floating point dalam Go dengan menggunakan package strconv
Apa itu tipe data error dan bagaimana cara menggunakannya dalam pemrograman Go?|Tipe data error adalah tipe data yang digunakan untuk merepresentasikan pesan error; tipe data ini sebaiknya digunakan ketika Anda ingin menangani kesalahan dalam program Anda
Bagaimana cara membuat tipe data custom (kustom) dengan metode penerusan (embedding) dalam Go?|Anda dapat membuat tipe data custom dengan metode penerusan (embedding) dalam Go dengan menggunakan keyword type diikuti dengan nama type data yang diinginkan diikuti dengan type data yang diinginkan
Bagaimana cara menginisialisasi sebuah slice kosong dalam Go?|Anda dapat menginisialisasi sebuah slice kosong dalam Go dengan menggunakan keyword var diikuti dengan nama variabel dan type data slice
Apa yang dimaksud dengan casting tipe data dalam Go?|Casting tipe data adalah proses mengubah nilai dari satu tipe data ke tipe data lain yang sesuai
kenapa tipe data error harus dihandle?|Karena jika tidak dihandle, program akan berhenti
kenapa tipe data string harus menggunakan tanda kutip?|Karena tanda kutip menandakan bahwa data tersebut adalah string
kenapa tipe data integer tidak boleh menggunakan tanda kutip?|Karena tanda kutip menandakan bahwa data tersebut adalah string
kenapa tipe data float tidak boleh menggunakan tanda kutip?|Karena tanda kutip menandakan bahwa data tersebut adalah string
kenapa tipe data boolean tidak boleh menggunakan tanda kutip?|Karena tanda kutip menandakan bahwa data tersebut adalah string
kenapa tipe data string tidak boleh menggunakan angka?|Karena angka menandakan bahwa data tersebut adalah integer
kenapa tipe data integer tidak boleh menggunakan huruf?|Karena huruf menandakan bahwa data tersebut adalah string
kenapa tipe data float tidak boleh menggunakan huruf?|Karena huruf menandakan bahwa data tersebut adalah string
kenapa tipe data boolean tidak boleh menggunakan huruf?|Karena huruf menandakan bahwa data tersebut adalah string
kenapa tipe data integer tidak boleh menggunakan koma?|Karena koma menandakan bahwa data tersebut adalah float
kenapa tipe data float tidak boleh menggunakan titik?|Karena titik menandakan bahwa data tersebut adalah float
kenapa tipe data boolean tidak boleh menggunakan titik?|Karena titik menandakan bahwa data tersebut adalah float
kenapa tipe data string tidak boleh menggunakan tanda kurung?|Karena tanda kurung menandakan bahwa data tersebut adalah array
kenapa tipe data integer tidak boleh menggunakan tanda kurung?|Karena tanda kurung menandakan bahwa data tersebut adalah array
kenapa tipe data float tidak boleh menggunakan tanda kurung?|Karena tanda kurung menandakan bahwa data tersebut adalah array
kenapa tipe data boolean tidak boleh menggunakan tanda kurung?|Karena tanda kurung menandakan bahwa data tersebut adalah array
kenapa tipe data string tidak boleh menggunakan tanda kurung kurawal?|Karena tanda kurung kurawal menandakan bahwa data tersebut adalah map
kenapa tipe data integer tidak boleh menggunakan tanda kurung kurawal?|Karena tanda kurung kurawal menandakan bahwa data tersebut adalah map
kenapa tipe data float tidak boleh menggunakan tanda kurung kurawal?|Karena tanda kurung kurawal menandakan bahwa data tersebut adalah map
kenapa tipe data boolean tidak boleh menggunakan tanda kurung kurawal?|Karena tanda kurung kurawal menandakan bahwa data tersebut adalah map
kenapa tipe data string tidak boleh menggunakan tanda kurung siku?|Karena tanda kurung siku menandakan bahwa data tersebut adalah slice
kenapa tipe data integer tidak boleh menggunakan tanda kurung siku?|Karena tanda kurung siku menandakan bahwa data tersebut adalah slice
kenapa tipe data float tidak boleh menggunakan tanda kurung siku?|Karena tanda kurung siku menandakan bahwa data tersebut adalah slice
kenapa tipe data boolean tidak boleh menggunakan tanda kurung siku?|Karena tanda kurung siku menandakan bahwa data tersebut adalah slice
kenapa tipe data string tidak boleh menggunakan tanda petik?|Karena tanda petik menandakan bahwa data tersebut adalah string
kenapa tipe data integer tidak boleh menggunakan tanda petik?|Karena tanda petik menandakan bahwa data tersebut adalah string
kenapa tipe data float tidak boleh menggunakan tanda petik?|Karena tanda petik menandakan bahwa data tersebut adalah string
kenapa tipe data boolean tidak boleh menggunakan tanda petik?|Karena tanda petik menandakan bahwa data tersebut adalah string
kenapa tipe data string tidak boleh menggunakan tanda petik satu?|Karena tanda petik satu menandakan bahwa data tersebut adalah string
kenapa tipe data integer tidak boleh menggunakan tanda petik satu?|Karena tanda petik satu menandakan bahwa data tersebut adalah string
kenapa tipe data float tidak boleh menggunakan tanda petik satu?|Karena tanda petik satu menandakan bahwa data tersebut adalah string
kenapa tipe data boolean tidak boleh menggunakan tanda petik satu?|Karena tanda petik satu menandakan bahwa data tersebut adalah string
kenapa tipe data string tidak boleh menggunakan tanda petik dua?|Karena tanda petik dua menandakan bahwa data tersebut adalah string
kenapa tipe data integer tidak boleh menggunakan tanda petik dua?|Karena tanda petik dua menandakan bahwa data tersebut adalah string
kenapa tipe data float tidak boleh menggunakan tanda petik dua?|Karena tanda petik dua menandakan bahwa data tersebut adalah string
kenapa tipe data boolean tidak boleh menggunakan tanda petik dua?|Karena tanda petik dua menandakan bahwa data tersebut adalah string
kenapa tipe data string tidak boleh menggunakan tanda petik satu dan dua?|Karena tanda petik satu dan dua menandakan bahwa data tersebut adalah string
kenapa tipe data integer tidak boleh menggunakan tanda petik satu dan dua?|Karena tanda petik satu dan dua menandakan bahwa data tersebut adalah string
kenapa tipe data float tidak boleh menggunakan tanda petik satu dan dua?|Karena tanda petik satu dan dua menandakan bahwa data tersebut adalah string
kenapa tipe data boolean tidak boleh menggunakan tanda petik satu dan dua?|Karena tanda petik satu dan dua menandakan bahwa data tersebut adalah string
kenapa tipe data string tidak boleh menggunakan tanda kutip satu dan dua?|Karena tanda kutip satu dan dua menandakan bahwa data tersebut adalah string
kenapa tipe data integer tidak boleh menggunakan tanda kutip satu dan dua?|Karena tanda kutip satu dan dua menandakan bahwa data tersebut adalah string
kenapa tipe data float tidak boleh menggunakan tanda kutip satu dan dua?|Karena tanda kutip satu dan dua menandakan bahwa data tersebut adalah string
kenapa tipe data boolean tidak boleh menggunakan tanda kutip satu dan dua?|Karena tanda kutip satu dan dua menandakan bahwa data tersebut adalah string
untuk apa tipe data string digunakan?|Tipe data string digunakan untuk merepresentasikan teks atau karakter
untuk apa tipe data integer digunakan?|Tipe data integer digunakan untuk merepresentasikan bilangan bulat
untuk apa tipe data float digunakan?|Tipe data float digunakan untuk merepresentasikan bilangan desimal
untuk apa tipe data boolean digunakan?|Tipe data boolean digunakan untuk merepresentasikan nilai kebenaran (true atau false)
untuk apa tipe data complex digunakan?|Tipe data complex digunakan untuk merepresentasikan bilangan kompleks
untuk apa tipe data rune digunakan?|Tipe data rune digunakan untuk merepresentasikan karakter Unicode
untuk apa tipe data byte digunakan?|Tipe data byte digunakan untuk merepresentasikan data binary
untuk apa tipe data uintptr digunakan?|Tipe data uintptr digunakan untuk merepresentasikan alamat memori
untuk apa tipe data nil digunakan?|Tipe data nil digunakan untuk merepresentasikan nilai kosong
untuk apa tipe data error digunakan?|Tipe data error digunakan untuk merepresentasikan pesan error
untuk apa tipe data interface{} digunakan?|Tipe data interface{} digunakan untuk merepresentasikan kumpulan method
untuk apa tipe data struct digunakan?|Tipe data struct digunakan untuk merepresentasikan kumpulan field
untuk apa tipe data pointer digunakan?|Tipe data pointer digunakan untuk merepresentasikan alamat memori
untuk apa tipe data range digunakan?|Tipe data range digunakan untuk merepresentasikan kumpulan data dengan index
untuk apa tipe data slice digunakan?|Tipe data slice digunakan untuk merepresentasikan kumpulan data dengan panjang dinamis
untuk apa tipe data map digunakan?|Tipe data map digunakan untuk merepresentasikan kumpulan data dengan key dan value
untuk apa tipe data array digunakan?|Tipe data array digunakan untuk merepresentasikan kumpulan data dengan tipe data yang sama
untuk apa tipe data time digunakan?|Tipe data time digunakan untuk merepresentasikan waktu
untuk apa tipe data date digunakan?|Tipe data date digunakan untuk merepresentasikan tanggal
untuk apa tipe data datetime digunakan?|Tipe data datetime digunakan untuk merepresentasikan waktu dan tanggal
untuk apa tipe data any digunakan?|Tipe data any digunakan untuk merepresentasikan tipe data apapun
untuk apa tipe data rune digunakan?|Tipe data rune digunakan untuk merepresentasikan karakter Unicode
untuk apa tipe data byte digunakan?|Tipe data byte digunakan untuk merepresentasikan data binary
apakah fungsi itu tipe data pada go-lang?|Tidak; fungsi adalah blok kode yang dapat dipanggil oleh program
apakah variabel itu tipe data pada go-lang?|Tidak; variabel adalah tempat untuk menyimpan data
apakah konstanta itu tipe data pada go-lang?|Tidak; konstanta adalah nilai yang tidak dapat diubah
apakah package itu tipe data pada go-lang?|Tidak; package adalah kumpulan file yang berisi kode program
apakah struct itu tipe data pada go-lang?|Ya; struct adalah tipe data yang berisi kumpulan field
apakah interface itu tipe data pada go-lang?|Ya; interface adalah tipe data yang berisi kumpulan method
apakah pointer itu tipe data pada go-lang?|Ya; pointer adalah tipe data yang berisi alamat memori
apakah range itu tipe data pada go-lang?|Ya; range adalah tipe data yang berisi kumpulan data dengan index
apakah slice itu tipe data pada go-lang?|Ya; slice adalah tipe data yang berisi kumpulan data dengan panjang dinamis
apakah map itu tipe data pada go-lang?|Ya; map adalah tipe data yang berisi kumpulan data dengan key dan value
apakah array itu tipe data pada go-lang?|Ya; array adalah tipe data yang berisi kumpulan data dengan tipe data yang sama
apakah time itu tipe data pada go-lang?|Ya; time adalah tipe data yang berisi waktu
apakah date itu tipe data pada go-lang?|Ya; date adalah tipe data yang berisi tanggal
apakah datetime itu tipe data pada go-lang?|Ya; datetime adalah tipe data yang berisi waktu dan tanggal
apakah any itu tipe data pada go-lang?|Ya; any adalah tipe data yang berisi tipe data apapun
apakah rune itu tipe data pada go-lang?|Ya; rune adalah tipe data yang berisi karakter Unicode
apakah byte itu tipe data pada go-lang?|Ya; byte adalah tipe data yang berisi data binary
apakah uintptr itu tipe data pada go-lang?|Ya; uintptr adalah tipe data yang berisi alamat memori
apakah nil itu tipe data pada go-lang?|Ya; nil adalah tipe data yang berisi nilai kosong
apakah error itu tipe data pada go-lang?|Ya; error adalah tipe data yang berisi pesan error
apakah interface{} itu tipe data pada go-lang?|Ya; interface{} adalah tipe data yang berisi kumpulan method
kenapa dinamakan tipe data?|Karena tipe data menentukan jenis data yang dapat disimpan dan dioperasikan dalam program
kenapa tipe data dibagi menjadi tipe data dasar dan tipe data non-dasar?|Karena tipe data dasar adalah tipe data yang berisi data dasar seperti integer; string; float; boolean; complex; sementara tipe data non-dasar adalah tipe data yang berisi data non-dasar seperti interface; struct; pointer; range; slice; map; array
kenapa tipe data dibagi menjadi tipe data built-in dan tipe data non-built-in?|Karena tipe data built-in adalah tipe data yang sudah ada dan disediakan oleh go-lang seperti integer; string; float; boolean; complex; sementara tipe data non-built-in adalah tipe data yang dibuat sendiri oleh pengguna
kapan tipe data digunakan dalam pemrograman go-lang?|Tipe data digunakan saat kita ingin menyimpan dan mengoperasikan data dalam program
kenapa tipe data harus didefinisikan dalam pemrograman go-lang?|Karena tipe data menentukan jenis data yang dapat disimpan dan dioperasikan dalam program
kenapa tipe data harus dideklarasikan dalam pemrograman go-lang?|Karena tipe data harus dideklarasikan agar program dapat mengenali jenis data yang disimpan dan dioperasikan
kenapa tipe data harus diinisialisasi dalam pemrograman go-lang?|Karena tipe data harus diinisialisasi agar program dapat mengalokasikan memori yang diperlukan untuk menyimpan data
kenapa tipe data harus dihandle dalam pemrograman go-lang?|Karena tipe data harus dihandle agar program dapat mengoperasikan data dengan benar
kenapa tipe data harus dikonversi dalam pemrograman go-lang?|Karena tipe data harus dikonversi agar data dapat dioperasikan dengan tipe data lain yang sesuai
kenapa tipe data harus diubah dalam pemrograman go-lang?|Karena tipe data harus diubah agar data dapat dioperasikan dengan tipe data lain yang sesuai
kenapa tipe data harus dihapus dalam pemrograman go-lang?|Karena tipe data harus dihapus agar memori yang digunakan untuk menyimpan data dapat dilepaskan
kenapa tipe data harus dipecah dalam pemrograman go-lang?|Karena tipe data harus dipecah agar data dapat dioperasikan dengan tipe data lain yang sesuai
apa perbedaan struct dan interface dalam go-lang?|Struct adalah tipe data yang berisi kumpulan field; sementara interface adalah tipe data yang berisi kumpulan method
apa perbedaan struct dan pointer dalam go-lang?|Struct adalah tipe data yang berisi kumpulan field; sementara pointer adalah tipe data yang berisi alamat memori
apa perbedaan struct dan range dalam go-lang?|Struct adalah tipe data yang berisi kumpulan field; sementara range adalah tipe data yang berisi kumpulan data dengan index
apa perbedaan struct dan slice dalam go-lang?|Struct adalah tipe data yang berisi kumpulan field; sementara slice adalah tipe data yang berisi kumpulan data dengan panjang dinamis
apa perbedaan struct dan map dalam go-lang?|Struct adalah tipe data yang berisi kumpulan field; sementara map adalah tipe data yang berisi kumpulan data dengan key dan value
apa perbedaan struct dan array dalam go-lang?|Struct adalah tipe data yang berisi kumpulan field; sementara array adalah tipe data yang berisi kumpulan data dengan tipe data yang sama
apa perbedaan struct dan time dalam go-lang?|Struct adalah tipe data yang berisi kumpulan field; sementara time adalah tipe data yang berisi waktu
apa perbedaan struct dan date dalam go-lang?|Struct adalah tipe data yang berisi kumpulan field; sementara date adalah tipe data yang berisi tanggal
apa perbedaan struct dan datetime dalam go-lang?|Struct adalah tipe data yang berisi kumpulan field; sementara datetime adalah tipe data yang berisi waktu dan tanggal
apa perbedaan struct dan any dalam go-lang?|Struct adalah tipe data yang berisi kumpulan field; sementara any adalah tipe data yang berisi tipe data apapun
apa perbedaan struct dan rune dalam go-lang?|Struct adalah tipe data yang berisi kumpulan field; sementara rune adalah tipe data yang berisi karakter Unicode
apa perbedaan struct dan byte dalam go-lang?|Struct adalah tipe data yang berisi kumpulan field; sementara byte adalah tipe data yang berisi data binary
apa perbedaan struct dan uintptr dalam go-lang?|Struct adalah tipe data yang berisi kumpulan field; sementara uintptr adalah tipe data yang berisi alamat memori
Apa perbedaan antara tipe data primitif dan non-primitif di Go?|Tipe data primitif adalah tipe data yang sudah ada dan disediakan oleh Go seperti int; string; float; boolean; complex; sementara tipe data non-primitif adalah tipe data yang dibuat sendiri oleh pengguna seperti struct; interface; pointer; range; slice; map; array
Apakah bisa menggabungkan atau menetapkan nilai variabel dengan tipe data yang berbeda di Go? Jika bisa, bagaimana cara melakukannya?|Anda dapat melakukan konversi tipe data antara beberapa tipe data, namun, untuk menggabungkan nilai variabel dengan tipe data yang berbeda, Anda perlu melakukan konversi tipe data terlebih dahulu
Bagaimana Anda dapat memeriksa tipe data dari sebuah variabel dalam Go? Apakah ada cara khusus untuk melakukan ini?|Anda dapat menggunakan fungsi reflect.TypeOf() untuk memeriksa tipe data sebuah variabel dalam Go. Ini akan memberikan informasi tentang tipe data variabel tersebut
Bagaimana cara menggunakan tipe data tanda tangan (signature type) di Go, dan kapan itu berguna?|Tipe data tanda tangan adalah tipe data yang didefinisikan oleh jenis fungsi yang menerima atau mengembalikan jenis tertentu. Ini berguna ketika Anda ingin membuat jenis fungsi yang fleksibel untuk digunakan dengan berbagai tipe data
Bagaimana cara menggunakan tipe data kosong (empty interface{}) untuk mengatasi masalah tipe data yang tidak diketahui dalam Go?|Tipe data kosong adalah tipe data interface yang tidak memiliki metode. Ini digunakan untuk menangani nilai dengan tipe data yang tidak diketahui pada saat kompilasi
Bagaimana cara menggunakan tipe data bitfield di Go, dan dalam situasi apa itu bermanfaat?|Tipe data bitfield memungkinkan Anda untuk merepresentasikan beberapa nilai boolean menggunakan hanya beberapa bit dalam sebuah byte atau kata. Ini bermanfaat saat Anda perlu menghemat ruang penyimpanan untuk menyimpan sejumlah besar bendera atau status
Apa kegunaan dari tipe data "unsafe.Pointer" di Go, dan bagaimana cara Anda menggunakannya secara aman?|Tipe data "unsafe.Pointer" digunakan untuk konversi pointer antara tipe data yang berbeda dan akses langsung ke memori. Ini berguna dalam pengoptimalan kinerja dan interoperabilitas dengan kode non-Go, namun penggunaannya harus sangat hati-hati karena dapat menyebabkan kesalahan memori dan perilaku tidak terdefinisi
Apa itu tipe data "reflect.Type" di Go, dan bagaimana Anda dapat menggunakannya untuk memeriksa tipe data variabel secara dinamis?|Tipe data "reflect.Type" adalah tipe data yang merepresentasikan tipe data variabel pada saat runtime. Anda dapat menggunakan metode dari paket "reflect" untuk memeriksa tipe data variabel secara dinamis, seperti memeriksa nama tipe data, metode, dan properti lainnya
Bagaimana Anda dapat menggunakan tipe data enum dalam Go, dan apa manfaatnya dibandingkan dengan pendeklarasian konstan?|Go tidak memiliki tipe data enum bawaan, namun Anda dapat mensimulasikan enum dengan menggunakan konstanta dan iota. Ini memungkinkan Anda untuk membuat kumpulan nilai yang terbatas dan terstruktur, yang dapat membantu meningkatkan kejelasan dan keamanan kode Anda
Apa itu tipe data "context.Context" di Go, dan bagaimana Anda dapat menggunakannya untuk mengelola konteks dalam aplikasi Anda?|Tipe data "context.Context" adalah tipe data yang digunakan untuk mengelola konteks dalam aplikasi Go. Ini digunakan untuk mengirim dan menerima nilai konteks antara goroutine, membatasi waktu eksekusi, dan menghentikan goroutine secara bersamaan
Apa itu tipe data "time.Duration" di Go, dan bagaimana Anda dapat menggunakannya untuk menghitung waktu dalam aplikasi Anda?|Tipe data "time.Duration" adalah tipe data yang digunakan untuk merepresentasikan durasi waktu dalam aplikasi Go. Ini digunakan untuk menghitung waktu eksekusi, menunda eksekusi, dan mengukur waktu dalam aplikasi Anda
Apa itu tipe data "error" di Go, dan bagaimana Anda dapat menggunakannya untuk menangani kesalahan dalam aplikasi Anda?|Tipe data "error" adalah tipe data yang digunakan untuk merepresentasikan kesalahan dalam aplikasi Go. Ini digunakan untuk mengembalikan pesan kesalahan dari fungsi, menangani kesalahan, dan menghentikan eksekusi program jika terjadi kesalahan
Apa itu tipe data "io.Reader" dan "io.Writer" di Go, dan bagaimana Anda dapat menggunakannya untuk membaca dan menulis data dalam aplikasi Anda?|Tipe data "io.Reader" dan "io.Writer" adalah tipe data yang digunakan untuk membaca dan menulis data dalam aplikasi Go. Mereka digunakan untuk mengakses data dari berbagai sumber dan menulis data ke berbagai tujuan, seperti file, jaringan, dan buffer
Apa itu tipe data "http.Handler" di Go, dan bagaimana Anda dapat menggunakannya untuk menangani permintaan HTTP dalam aplikasi web Anda?|Tipe data "http.Handler" adalah tipe data yang digunakan untuk menangani permintaan HTTP dalam aplikasi web Go. Ini digunakan untuk membuat handler
Apa itu tipe data "http.ResponseWriter" di Go, dan bagaimana Anda dapat menggunakannya untuk menanggapi permintaan HTTP dalam aplikasi web Anda?|Tipe data "http.ResponseWriter" adalah tipe data yang digunakan untuk menanggapi permintaan HTTP dalam aplikasi web Go. Ini digunakan untuk menulis respons HTTP ke klien
Apa itu tipe data "http.Request" di Go, dan bagaimana Anda dapat menggunakannya untuk menerima permintaan HTTP dalam aplikasi web Anda?|Tipe data "http.Request" adalah tipe data yang digunakan untuk menerima permintaan HTTP dalam aplikasi web Go. Ini digunakan untuk mengakses informasi tentang permintaan HTTP, seperti header, body, dan parameter
Apa itu tipe data "http.HandlerFunc" di Go, dan bagaimana Anda dapat menggunakannya untuk membuat middleware dalam aplikasi web Anda?|Tipe data "http.HandlerFunc" adalah tipe data yang digunakan untuk membuat middleware dalam aplikasi web Go. Ini digunakan untuk menangani permintaan HTTP sebelum atau setelah handler utama
Apa itu tipe data "http.Cookie" di Go, dan bagaimana Anda dapat menggunakannya untuk mengelola cookie dalam aplikasi web Anda?|Tipe data "http.Cookie" adalah tipe data yang digunakan untuk mengelola cookie dalam aplikasi web Go. Ini digunakan untuk membuat, membaca, dan menghapus cookie dari permintaan HTTP
Apa itu tipe data "http.Client" di Go, dan bagaimana Anda dapat menggunakannya untuk membuat permintaan HTTP dalam aplikasi web Anda?|Tipe data "http.Client" adalah tipe data yang digunakan untuk membuat permintaan HTTP dalam aplikasi web Go. Ini digunakan untuk mengirim permintaan HTTP ke server dan menerima respons
Apa itu tipe data "http.Server" di Go, dan bagaimana Anda dapat menggunakannya untuk membuat server HTTP dalam aplikasi web Anda?|Tipe data "http.Server" adalah tipe data yang digunakan untuk membuat server HTTP dalam aplikasi web Go. Ini digunakan untuk mengatur konfigurasi server, seperti alamat, port, dan handler
Apa itu tipe data "http.Transport" di Go, dan bagaimana Anda dapat menggunakannya untuk mengelola transport HTTP dalam aplikasi web Anda?|Tipe data "http.Transport" adalah tipe data yang digunakan untuk mengelola transport HTTP dalam aplikasi web Go. Ini digunakan untuk mengatur konfigurasi transport, seperti timeout, proxy, dan TLS
Apa itu tipe data "http.RoundTripper" di Go, dan bagaimana Anda dapat menggunakannya untuk mengelola transport HTTP dalam aplikasi web Anda?|Tipe data "http.RoundTripper" adalah tipe data yang digunakan untuk mengelola transport HTTP dalam aplikasi web Go. Ini digunakan untuk mengirim permintaan HTTP dan menerima respons dari server
Apa itu tipe data "http.ServeMux" di Go, dan bagaimana Anda dapat menggunakannya untuk membuat router HTTP dalam aplikasi web Anda?|Tipe data "http.ServeMux" adalah tipe data yang digunakan untuk membuat router HTTP dalam aplikasi web Go. Ini digunakan untuk mengarahkan permintaan HTTP ke handler yang sesuai berdasarkan pola URL
Apa itu tipe data "http.FileServer" di Go, dan bagaimana Anda dapat menggunakannya untuk menyajikan file statis dalam aplikasi web Anda?|Tipe data "http.FileServer" adalah tipe data yang digunakan untuk menyajikan file statis dalam aplikasi web Go. Ini digunakan untuk menyajikan file dari sistem file ke klien melalui server HTTP
Apa itu tipe data "chicken dance" dalam Go, dan kapan Anda akan menggunakannya?|Tipe data "chicken dance" tidak ada dalam Go. Ini mungkin merupakan lelucon atau istilah yang tidak terkait dengan pemrograman Go
Bagaimana cara menggunakan tipe data yang dihasilkan oleh package reflection dalam Go, dan apa saja kegunaannya?|Anda dapat menggunakan tipe data yang dihasilkan oleh package reflection untuk memeriksa dan memanipulasi tipe data pada saat runtime. Ini berguna untuk membuat kode yang lebih fleksibel dan dinamis, seperti serialisasi, deserialisasi, dan refleksi
Apa perbedaan antara tipe data fixed-size dan variable-size di Go, dan dalam situasi apa masing-masing digunakan?|Tipe data fixed-size adalah tipe data yang memiliki ukuran tetap, seperti array, sementara tipe data variable-size adalah tipe data yang memiliki ukuran yang dapat berubah, seperti slice. Tipe data fixed-size digunakan saat Anda membutuhkan jumlah elemen yang tetap, sementara tipe data variable-size digunakan saat Anda membutuhkan fleksibilitas dalam ukuran 
Bagaimana Anda dapat menggunakan tipe data atomik dalam Go, dan apa manfaatnya dalam mengelola keselamatan konkurensi?|Anda dapat menggunakan tipe data atomik dalam Go untuk mengelola keselamatan konkurensi dengan memastikan bahwa operasi tertentu dilakukan secara atomik tanpa adanya
Bagaimana cara menggunakan tipe data yang dihasilkan oleh package "unsafe" dalam Go, dan apa risikonya?|Anda dapat menggunakan tipe data yang dihasilkan oleh package "unsafe" untuk mengakses memori secara langsung dan melakukan operasi yang tidak aman dalam Go. Risikonya adalah dapat menyebabkan kesalahan memori, perilaku tidak terdefinisi, dan kerentanan keamanan
Apa yang dimaksud dengan tipe data self-referencing dalam Go, dan apa tantangannya dalam pengelolaan memori?|Tipe data self-referencing adalah tipe data yang memiliki referensi ke dirinya sendiri. Tantangannya dalam pengelolaan memori adalah memastikan bahwa siklus referensi tidak terjadi, yang dapat menyebabkan kebocoran memori dan perilaku tidak terdefinisi
Apa perbedaan antara tipe data error dan tipe data panic di Go, dan kapan masing-masing digunakan?|Tipe data error digunakan untuk merepresentasikan kesalahan yang dapat ditangani secara normal dalam program, sementara tipe data panic digunakan untuk merepresentasikan kesalahan yang tidak dapat ditangani dan menyebabkan program berhenti
Apa yang dimaksud dengan tipe data Context di Go, dan bagaimana cara Anda menggunakannya dalam pemrograman konkurensi?|Tipe data Context adalah tipe data yang digunakan untuk mengelola konteks dalam pemrograman konkurensi di Go. Ini digunakan untuk mengirim dan menerima nilai konteks antara goroutine, membatasi waktu eksekusi, dan menghentikan goroutine secara bersamaan
Bagaimana cara menggunakan tipe data Buffered channel di Go, dan dalam situasi apa Anda akan memilihnya daripada channel biasa?|Anda dapat menggunakan tipe data Buffered channel di Go untuk membuat channel dengan kapasitas tertentu yang dapat menyimpan beberapa nilai sebelum dibaca. Anda akan memilihnya daripada channel biasa saat Anda ingin mengurangi latensi dan meningkatkan kinerja dengan mengizinkan goroutine untuk mengirim dan menerima data secara asinkron
Bagaimana cara Anda mengelola penggunaan tipe data union dalam Go, dan apa manfaatnya dalam representasi data kompleks?|Go tidak memiliki tipe data union bawaan, namun Anda dapat mensimulasikannya dengan menggunakan tipe data interface{} atau struct. Ini berguna dalam representasi data kompleks dengan tipe data yang berbeda, seperti JSON atau XML
Apa peran tipe data pointer dalam pengelolaan memori di Go, dan bagaimana cara Anda menghindari kebocoran memori yang disebabkan oleh penggunaan yang tidak tepat?|Tipe data pointer digunakan untuk merepresentasikan alamat memori dari suatu nilai dalam Go. Anda dapat menghindari kebocoran memori dengan memastikan bahwa Anda mengalokasikan dan membebaskan memori dengan benar, menghindari siklus referensi, dan menggunakan tipe data pointer dengan hati-hati
Bagaimana cara Anda mengelola error handling di Go, dan apa peran tipe data error dalam proses ini?|Anda dapat mengelola error handling di Go dengan menggunakan tipe data error untuk merepresentasikan kesalahan dalam program. Ini memungkinkan Anda untuk menangani kesalahan, memberikan informasi tentang kesalahan, dan menghentikan eksekusi program jika terjadi kesalahan
Bagaimana cara Anda menggunakan tipe data complex di Go, dan dalam situasi apa Anda akan memilihnya daripada tipe data numerik lainnya?|Anda dapat menggunakan tipe data complex di Go untuk merepresentasikan bilangan kompleks dengan bagian real dan imajiner. Anda akan memilihnya daripada tipe data numerik lainnya saat Anda perlu melakukan operasi matematika kompleks, seperti transformasi Fourier atau analisis sinyal
Apa yang dimaksud dengan tipe data big di Go, dan bagaimana Anda dapat menggunakannya untuk menangani angka yang sangat besar?|Tipe data big adalah tipe data yang digunakan untuk menangani angka yang sangat besar dalam Go. Ini digunakan untuk mengatasi batasan ukuran angka dalam tipe data numerik bawaan, seperti int atau float
Apa yang dimaksud dengan tipe data rune di Go, dan bagaimana Anda dapat menggunakannya untuk merepresentasikan karakter Unicode?|Tipe data rune adalah tipe data yang digunakan untuk merepresentasikan karakter Unicode dalam Go. Ini digunakan untuk mengakses karakter Unicode, seperti emoji, simbol, dan karakter khusus lainnya
Apa yang dimaksud dengan tipe data byte di Go, dan bagaimana Anda dapat menggunakannya untuk merepresentasikan data binary?|Tipe data byte adalah tipe data yang digunakan untuk merepresentasikan data binary dalam Go. Ini digunakan untuk mengakses data binary, seperti file, protokol jaringan, dan enkripsi
Apa yang dimaksud dengan tipe data context-sensitive di Go, dan bagaimana cara Anda menggunakannya dalam kode Anda?|Tipe data context-sensitive adalah tipe data yang bergantung pada konteks atau situasi tertentu dalam kode Anda. Ini digunakan untuk membuat kode yang lebih fleksibel dan dinamis, yang dapat beradaptasi dengan berbagai kondisi atau lingkungan
Apa yang dimaksud dengan tipe data variadic di Go, dan bagaimana cara Anda menggunakannya dalam fungsi Anda?|Tipe data variadic adalah tipe data yang digunakan untuk menerima jumlah argumen yang tidak terbatas dalam fungsi Anda. Ini digunakan untuk membuat fungsi yang dapat menerima jumlah argumen yang berbed
Apa yang dimaksud dengan tipe data channel di Go, dan bagaimana Anda dapat menggunakannya untuk mengkomunikasikan data antara goroutine?|Tipe data channel adalah tipe data yang digunakan untuk mengkomunikasikan data antara goroutine dalam Go. Ini digunakan untuk mengirim dan menerima data secara aman antara goroutine, menghind
Apa yang dimaksud dengan tipe data goroutine di Go, dan bagaimana Anda dapat menggunakannya untuk menjalankan tugas secara konkuren?|Tipe data goroutine adalah tipe data yang digunakan untuk menjalankan tugas secara konkuren dalam Go. Ini digunakan untuk membuat goroutine yang dapat berjalan secara independen dan bersamaan, meningkatkan kinerja dan efisiensi program Anda
Apa yang dimaksud dengan tipe data select di Go, dan bagaimana Anda dapat menggunakannya untuk memilih antara beberapa kasus dalam pemrograman konkurensi?|Tipe data select adalah tipe data yang digunakan untuk memilih antara beberapa kasus dalam pemrograman konkurensi di Go. Ini digunakan untuk menunggu beberapa channel
Apa yang dimaksud dengan tipe data defer di Go, dan bagaimana Anda dapat menggunakannya untuk menunda eksekusi kode dalam fungsi Anda?|Tipe data defer adalah tipe data yang
Apa yang dimaksud dengan tipe data panic di Go, dan bagaimana Anda dapat menggunakannya untuk menangani kesalahan yang tidak dapat ditangani dalam program Anda?|Tipe data panic adalah tipe data yang digunakan untuk menangani kesalahan yang tidak dapat ditangani dalam program Anda. Ini digunakan untuk menghentikan eksekusi program dan memberikan informasi tentang kesalahan yang terjadi
Apa yang dimaksud dengan tipe data recover di Go, dan bagaimana Anda dapat menggunakannya untuk memulihkan program setelah terjadi panic?|Tipe data recover adalah tipe data yang digunakan untuk memulihkan program setelah terjadi panic dalam Go. Ini digunakan untuk menangkap panic, menangani kesalahan, dan melanjutkan eksekusi program setelah terjadi kesalahan
Apa yang dimaksud dengan tipe data interface{} di Go, dan bagaimana Anda dapat menggunakannya untuk membuat kode yang lebih fleksibel dan dinamis?|Tipe data interface{} adalah tipe data yang digunakan untuk membuat kode yang lebih fleksibel dan dinamis dalam Go. Ini digunakan untuk membuat fungsi yang dapat menerima berbagai tipe data, membuat struktur data yang dapat beradaptasi dengan berbagai tipe data, dan membuat kode yang lebih mudah diuji dan dipelihara
Apa yang dimaksud dengan tipe data deep copy dan shallow copy di Go, dan apa perbedaannya?|Tipe data deep copy adalah tipe data yang digunakan untuk membuat salinan independen dari struktur data, sementara tipe data shallow copy adalah tipe data yang digunakan untuk membuat salinan referensi dari struktur data. Perbedaannya adalah deep copy membuat salinan independen dari struktur data, sementara shallow copy membuat salinan referensi dari struktur data
Bagaimana Anda menggunakan tipe data byte di Go untuk manipulasi data biner, dan apa keuntungannya dalam pemrograman low-level?|Anda dapat menggunakan tipe data byte di Go untuk manipulasi data biner dengan mengakses dan memanipulasi data byte per byte. Ini berguna dalam pemrograman low-level, seperti enkripsi, dekripsi, dan manipulasi data biner
Bagaimana Anda menggunakan tipe data custom di Go, dan apa manfaatnya dalam pemeliharaan kode dan pengembangan aplikasi yang lebih bersih?|Anda dapat menggunakan tipe data custom di Go dengan membuat tipe data baru yang sesuai dengan kebutuhan aplikasi Anda. Ini berguna dalam pemeliharaan kode dan pengembangan aplikasi yang lebih bersih dengan membuat kode yang lebih mudah dibaca, dipahami, dan diperbarui
Apa yang dimaksud dengan tipe data high-order di Go, dan bagaimana Anda menggunakan konsep ini dalam pembangunan fungsi yang dapat menerima atau mengembalikan fungsi lain sebagai argumen atau nilai balik?|Tipe data high-order adalah tipe data yang dapat menerima atau mengembalikan fungsi lain sebagai argumen atau nilai balik dalam Go. Ini digunakan untuk membuat fungsi yang lebih fleksibel dan dinamis, yang dapat menerima atau mengembalikan fungsi lain sebagai argumen atau nilai balik
Apa yang dimaksud dengan tipe data "bitwise" di Go, dan bagaimana Anda menggunakan operasi bitwise dalam kode Anda?|Tipe data "bitwise" adalah tipe data yang digunakan untuk melakukan operasi bitwise pada data dalam Go. Ini digunakan untuk mengakses dan memanipulasi bit dalam data, seperti operasi logika, shift, dan mask
Apa yang dimaksud dengan tipe data "run-time reflection" di Go, dan bagaimana Anda menggunakan informasi tipe data pada saat runtime dalam kode Anda?|Tipe data "run-time reflection" adalah tipe data yang digunakan untuk mengakses dan memanipulasi informasi tipe data pada saat runtime dalam Go. Ini digunakan untuk membuat kode yang lebih fleksibel dan dinamis, yang dapat beradaptasi dengan berbagai tipe data dan kondisi
Bagaimana Anda menggunakan tipe data anonymous struct di Go, dan apa manfaatnya dalam pembangunan kode yang lebih ringkas dan bersih?|Anda dapat menggunakan tipe data anonymous struct di Go dengan membuat struktur data tanpa nama yang sesuai dengan kebutuhan aplikasi Anda. Ini berguna dalam pembangunan kode yang lebih ringkas dan bersih dengan membuat struktur data yang tidak perlu diberi nama dan hanya digunakan dalam konteks tertentu
Apa yang dimaksud dengan tipe data "type assertion" di Go, dan bagaimana Anda menggunakannya untuk mengonversi tipe data antara tipe data yang berbeda?|Tipe data "type assertion" adalah tipe data yang digunakan untuk mengonversi tipe data antara tipe data yang berbeda dalam Go. Ini digunakan untuk mengubah tipe data dari satu tipe data ke tipe data lain, seperti mengonversi antara tipe data interface{} dan tipe data konkret
Apa yang dimaksud dengan tipe data "type switch" di Go, dan bagaimana Anda menggunakannya untuk menangani berbagai tipe data dalam kode Anda?|Tipe data "type switch" adalah tipe data yang digunakan untuk menangani berbagai tipe data dalam kode Anda dalam Go. Ini digunakan untuk memeriksa tipe data variabel dan menjalankan kode yang sesuai berdasarkan tipe data variabel tersebut
Apa yang dimaksud dengan tipe data "type embedding" di Go, dan bagaimana Anda menggunakannya untuk memperluas fungsionalitas struktur data Anda?|Tipe data "type embedding" adalah tipe data yang digunakan untuk memperluas fungsionalitas struktur data Anda dengan menyertakan struktur data lain ke dalam struktur data Anda. Ini digunakan untuk membuat struktur data yang lebih kompleks dan terstruktur dengan mewarisi properti dan metode dari struktur data lain
Apa yang dimaksud dengan tipe data "type alias" di Go, dan bagaimana Anda menggunakannya untuk membuat sinonim tipe data yang baru?|Tipe data "type alias" adalah tipe data yang digunakan untuk membuat sinonim tipe data yang baru dalam Go. Ini digunakan untuk membuat nama alternatif untuk tipe data yang sudah ada, yang dapat membantu meningkatkan kejelasan dan keamanan kode Anda
Apa yang dimaksud dengan tipe data "type conversion" di Go, dan bagaimana Anda menggunakannya untuk mengubah tipe data antara tipe data yang berbeda?|Tipe data "type conversion" adalah tipe data yang digunakan untuk mengubah tipe data antara tipe data yang berbeda dalam Go. Ini digunakan untuk mengonversi tipe data dari satu tipe data ke tipe data lain, seperti mengonversi antara tipe data numerik, string, dan tipe data lainnya
Apa yang dimaksud dengan tipe data "method receiver" di Go, dan bagaimana Anda menggunakannya dalam pengembangan kode berorientasi objek?|Tipe data "method receiver" adalah tipe data yang digunakan untuk menerima metode dalam Go. Ini digunakan untuk mengaitkan metode dengan struktur data, yang memungkinkan Anda untuk membuat kode yang lebih terstruktur, terorganisir, dan mudah dipelihara
Apa yang dimaksud dengan tipe data "method chaining" di Go, dan bagaimana Anda menggunakannya untuk memanggil metode secara berantai dalam kode Anda?|Tipe data "method chaining" adalah tipe data yang digunakan untuk memanggil metode secara berantai dalam kode Anda dalam Go. Ini digunakan untuk membuat kode yang lebih ringkas, mudah dibaca, dan mudah dipelihara dengan memanggil metode secara berantai pada objek yang sama
Apa yang dimaksud dengan tipe data "method overloading" di Go, dan bagaimana Anda menggunakannya untuk membuat metode dengan nama yang sama tetapi parameter yang berbeda?|Tipe data "method overloading" adalah tipe data yang digunakan untuk membuat metode dengan nama yang sama tetapi parameter yang berbeda dalam Go. Ini digunakan untuk membuat kode yang lebih fleksibel dan dinamis dengan memungkinkan Anda untuk membuat metode dengan nama yang sama tetapi parameter yang berbeda
Apa yang dimaksud dengan tipe data "method overriding" di Go, dan bagaimana Anda menggunakannya untuk mengganti implementasi metode yang ada dalam struktur data Anda?|Tipe data "method overriding" adalah tipe data yang digunakan untuk mengganti implementasi metode yang ada dalam struktur data Anda dalam Go. Ini digunakan untuk membuat kode yang lebih fleksibel dan dinamis dengan memungkinkan Anda untuk mengganti implementasi metode yang ada dalam struktur data Anda
Apa yang dimaksud dengan tipe data "method signature" di Go, dan bagaimana Anda menggunakannya untuk mendefinisikan jenis metode yang diterima atau dikembalikan oleh fungsi Anda?|Tipe data "method signature" adalah tipe data yang digunakan untuk mendefinisikan jenis metode yang diterima atau dikembalikan oleh fungsi Anda dalam Go. Ini digunakan untuk membuat fungsi yang lebih fleksibel dan dinamis dengan mendefinisikan jenis metode yang diterima atau dikembalikan oleh fungsi Anda
Apa yang dimaksud dengan tipe data "method dispatch" di Go, dan bagaimana Anda menggunakannya untuk menentukan metode yang akan dipanggil dalam kode Anda?|Tipe data "method dispatch" adalah tipe data yang digunakan untuk menentukan metode yang akan dipanggil dalam kode Anda dalam Go. Ini digunakan untuk menentukan metode yang akan dipanggil berdasarkan tipe data objek yang Anda operasikan
Apa yang dimaksud dengan tipe data "method binding" di Go, dan bagaimana Anda menggunakannya untuk mengaitkan metode dengan struktur data Anda?|Tipe data "method binding" adalah tipe data yang digunakan untuk mengaitkan metode dengan struktur data Anda dalam Go. Ini digunakan untuk membuat kode yang lebih terstruktur, terorganisir, dan mudah dipelihara dengan mengaitkan metode dengan struktur data Anda
Apa yang dimaksud dengan tipe data "method invocation" di Go, dan bagaimana Anda menggunakannya untuk memanggil metode dalam kode Anda?|Tipe data "method invocation" adalah tipe data yang digunakan untuk memanggil metode dalam kode Anda dalam Go. Ini digunakan untuk memanggil metode yang terkait dengan objek yang Anda operasikan, yang memungkinkan Anda untuk mengakses dan memanipulasi data dalam objek tersebut
Apa yang dimaksud dengan tipe data "mutex" di Go, dan bagaimana Anda menggunakannya dalam mengelola akses ke data bersama di antara goroutine?|Tipe data "mutex" adalah tipe data yang digunakan dalam Go untuk mengelola akses ke data bersama di antara goroutine. Ini digunakan untuk mengamankan data bersama dari akses konk
Apa yang dimaksud dengan tipe data "unsafe" di Go, dan dalam situasi apa Anda akan memilihnya untuk kinerja yang lebih tinggi?|Tipe data "unsafe" adalah tipe data yang digunakan dalam Go untuk mengakses memori secara langsung dan melakukan operasi yang tidak aman. Anda akan memilihnya untuk kinerja yang lebih tinggi dalam situasi di mana Anda memerlukan akses langsung ke memori dan operasi yang tidak aman
Apa perbedaan antara tipe data "interface{}" dan tipe data "empty interface{}" di Go, dan dalam situasi apa Anda akan memilih salah satunya?|Tipe data "interface{}" adalah tipe data yang digunakan untuk merepresentasikan antarmuka kosong yang dapat menerima berbagai tipe data, sementara tipe data "empty interface{}" adalah tipe data yang digunakan untuk merepresentasikan antarmuka kosong yang tidak memiliki metode. Anda akan memilih salah satunya tergantung pada kebutuhan Anda, seperti jika Anda memerlukan antarmuka yang dapat menerima berbagai tipe data atau antarmuka yang tidak memiliki metode
Apa yang dimaksud dengan tipe data "nil" di Go, dan bagaimana Anda menggunakannya dalam kode Anda?|Tipe data "nil" adalah tipe data yang digunakan dalam Go untuk merepresentasikan nilai nol atau tidak ada. Ini digunakan untuk menunjukkan bahwa suatu variabel tidak memiliki nilai atau tidak ditetapkan, seperti variabel yang belum diinisialisasi atau variabel yang dihapus
Apa yang dimaksud dengan tipe data "zero value" di Go, dan bagaimana Anda menggunakannya dalam kode Anda?|Tipe data "zero value" adalah tipe data yang digunakan dalam Go untuk merepresentasikan nilai default dari tipe data tertentu. Ini digunakan untuk menunjukkan bahwa suatu variabel memiliki nilai default, seperti nilai nol untuk tipe data numerik atau string kosong untuk tipe data string
Apa yang dimaksud dengan tipe data "variadic parameter" di Go, dan bagaimana Anda menggunakannya dalam pembuatan fungsi yang menerima jumlah argumen yang bervariasi?|Tipe data variadic parameter adalah parameter fungsi yang memungkinkan jumlah argumen yang bervariasi. Anda menggunakan sintaksis ... sebelum tipe data parameter untuk menandai parameter variadic. Ini memungkinkan Anda untuk membuat fungsi yang dapat menerima nol atau lebih argumen, memungkinkan fleksibilitas dalam pemanggilan fungsi
Bagaimana Anda menggunakan tipe data "interface{}" untuk mencapai polimorfisme di Go, dan apa manfaatnya dalam pengembangan aplikasi yang lebih fleksibel?|Tipe data interface{} adalah tipe data kosong yang dapat menyimpan nilai dari tipe data apa pun. Anda dapat menggunakan interface{} untuk mencapai polimorfisme di Go, memungkinkan kode untuk berinteraksi dengan berbagai tipe data tanpa perlu mengetahui jenis spesifiknya. Ini meningkatkan fleksibilitas dalam desain dan pengembangan aplikasi
Apa yang dimaksud dengan tipe data "slicing" di Go, dan bagaimana Anda menggunakan operasi slicing dalam manipulasi data slice?|Slicing adalah operasi di Go yang digunakan untuk membuat slice baru dari slice yang ada dengan memilih sebagian atau semua elemen dari slice asli. Anda menggunakan sintaksis slice[low:high] untuk menentukan rentang elemen yang ingin Anda ambil. Ini memungkinkan Anda untuk mengakses, memanipulasi, dan membagi slice sesuai kebutuhan aplikasi Anda
Bagaimana Anda menggunakan tipe data "byte slice" di Go, dan dalam situasi apa Anda akan memilihnya daripada tipe data string?|Byte slice adalah slice dari tipe data byte di Go. Anda akan memilih byte slice ketika Anda perlu memanipulasi data dalam format biner atau ketika Anda perlu menangani data yang tidak terstruktur, seperti data dari protokol jaringan atau bacaan dari file biner
Apa perbedaan antara tipe data "shallow copy" dan "deep copy" di Go, dan dalam situasi apa Anda akan menggunakan masing-masing?|Shallow copy adalah salinan di mana hanya referensi ke data asli yang disalin, sedangkan deep copy adalah salinan di mana struktur data dan nilai-nilainya direplikasi sepenuhnya. Anda akan menggunakan shallow copy ketika Anda ingin membagikan referensi ke data yang sama di beberapa bagian kode Anda, sedangkan Anda akan menggunakan deep copy ketika Anda ingin memiliki salinan independen dari data tersebut
Bagaimana cara Anda menggunakan tipe data "sync.WaitGroup" di Go, dan dalam situasi apa Anda akan memilihnya daripada tipe data "channel"?|sync.WaitGroup adalah struktur data di Go yang digunakan untuk menunggu sejumlah goroutine selesai dieksekusi sebelum melanjutkan eksekusi program. Anda akan memilih sync.WaitGroup ketika Anda perlu menunggu sekelompok goroutine selesai dieksekusi secara bersamaan, sementara channel lebih cocok digunakan untuk komunikasi dan sinkronisasi antar-goroutine
Apa yang dimaksud dengan tipe data "atomic operations" di Go, dan bagaimana Anda menggunakan operasi atomik untuk menghindari perlombaan kondisi dalam kode konkuren?|Atomic operations adalah operasi yang dijalankan sebagai satu langkah tunggal tanpa dapat dipecah menjadi langkah-langkah yang lebih kecil. Anda menggunakan operasi atomik dalam kode konkuren untuk menghindari perlombaan kondisi, di mana beberapa goroutine mencoba untuk mengubah nilai variabel yang sama secara bersamaan, dengan memastikan bahwa operasi tersebut selesai secara keseluruhan sebelum goroutine lain dapat melanjutkan
Apa yang dimaksud dengan tipe data "goroutine" di Go, dan bagaimana Anda menggunakan goroutine untuk menjalankan tugas-tugas konkuren dalam aplikasi Anda?| Goroutine adalah unit eksekusi ringan di Go yang dijadwalkan oleh runtime Go. Anda menggunakan goroutine untuk menjalankan tugas-tugas konkuren dalam aplikasi Anda, memungkinkan untuk eksekusi simultan dari beberapa tugas di dalam program yang sama. Ini membantu meningkatkan responsivitas dan kinerja aplikasi Anda
Apa yang dimaksud dengan tipe data "exit status" di Go, dan bagaimana Anda menggunakan exit status untuk memberikan informasi tentang status eksekusi program Anda?|Exit status adalah nilai yang dikembalikan oleh sebuah program setelah menyelesaikan eksekusi. Nilai ini biasanya digunakan untuk memberikan informasi tentang status eksekusi program kepada sistem operasi atau program pemanggil. Anda menggunakan exit status untuk memberikan informasi tentang apakah program berjalan dengan sukses atau ada masalah dalam eksekusinya
Apa yang dimaksud dengan tipe data "defer statement" di Go, dan bagaimana Anda menggunakan defer statement untuk menunda eksekusi kode hingga fungsi selesai dieksekusi?|Defer statement adalah pernyataan di Go yang digunakan untuk menunda eksekusi kode hingga fungsi selesai dieksekusi. Anda menggunakan defer statement untuk memastikan bahwa kode tertentu dieksekusi sebelum fungsi selesai dieksekusi, seperti membersihkan sumber daya atau menutup file
Apa perbedaan antara tipe data "pointer" dan "value" di Go, dan dalam situasi apa Anda akan memilih masing-masing?|Pointer adalah tipe data yang menyimpan alamat memori dari nilai lain, sedangkan value adalah nilai konkret itu sendiri. Anda akan menggunakan pointer ketika Anda perlu mengakses atau memanipulasi nilai yang ada di luar fungsi tempat mereka dibuat, sementara Anda akan menggunakan value ketika Anda hanya memerlukan salinan dari nilai tersebut
Bagaimana Anda menggunakan tipe data "map" di Go, dan dalam situasi apa Anda akan memilihnya daripada tipe data "slice" atau "array"?|Map adalah struktur data di Go yang digunakan untuk memetakan kunci ke nilai. Anda akan memilih map ketika Anda perlu mencocokkan setiap kunci dengan nilai tertentu, sedangkan slice atau array lebih cocok digunakan untuk koleksi nilai yang diakses secara berurutan
Apa yang dimaksud dengan tipe data "nested struct" di Go, dan bagaimana Anda menggunakannya dalam kode Anda?|Nested struct adalah struktur data di Go di mana salah satu atribut atau field dari struct adalah struct lainnya. Anda menggunakannya ketika Anda perlu membuat struktur data yang kompleks dan bersarang, seperti pohon, grafik, atau rekaman berstruktur. Ini memungkinkan Anda untuk mengorganisir data Anda dengan cara yang lebih terstruktur dan terorganisir
Apa yang dimaksud dengan tipe data "nested interface" di Go, dan bagaimana Anda menggunakannya dalam pengembangan kode yang modular dan mudah dimengerti?|Nested interface adalah interface di Go yang menyertakan definisi interface lain sebagai salah satu metode. Anda menggunakannya ketika Anda perlu membuat struktur hierarkis dalam antarmuka Anda, memungkinkan Anda untuk membuat kode yang modular dan mudah dimengerti dengan memisahkan logika menjadi unit-unit yang lebih kecil dan terpisah
Bagaimana cara Anda menggunakan tipe data "runtime package" di Go, dan dalam situasi apa Anda akan memilihnya daripada tipe data "reflect package"?|Package runtime dan package reflect adalah dua package di Go yang menyediakan kemampuan untuk memeriksa dan mengontrol struktur dan perilaku program pada saat runtime. Anda akan memilih package runtime ketika Anda perlu mengakses informasi yang spesifik terkait runtime, seperti manajemen goroutine atau informasi memori, sedangkan package reflect lebih cocok digunakan untuk pemrosesan tipe data secara dinamis dan manipulasi struktur data
Apa yang dimaksud dengan tipe data "context package" di Go, dan bagaimana Anda menggunakannya dalam pengembangan aplikasi konkuren?|Package context adalah package di Go yang digunakan untuk mengelola konteks dalam aplikasi konkuren. Anda menggunakannya untuk mengirim dan menerima nilai konteks antara goroutine, membatasi waktu eksekusi, dan menghentikan goroutine secara bersamaan. Ini membantu Anda mengelola dan mengkoordinasikan eksekusi goroutine dengan aman dan efisien
Apa yang dimaksud dengan tipe data "sync package" di Go, dan bagaimana Anda menggunakannya dalam mengelola sinkronisasi antar-goroutine?|Package sync adalah package di Go yang digunakan untuk mengelola sinkronisasi antar-goroutine. Anda menggunakannya untuk mengatur akses
Apa yang dimaksud dengan tipe data "channel package" di Go, dan bagaimana Anda menggunakannya dalam mengkomunikasikan data antar-goroutine?|Package channel adalah package di Go yang digunakan untuk mengkomunikasikan data antar-goroutine. Anda menggunakannya untuk mengirim dan menerima data secara aman antara goroutine, memungkinkan Anda untuk mengkoordinasikan dan sinkronisasi eksekusi goroutine dengan aman dan efisien
Apa yang dimaksud dengan tipe data "atomic package" di Go, dan bagaimana Anda menggunakannya dalam mengelola operasi atomik dalam kode konkuren?|Package atomic adalah package di Go yang digunakan untuk mengelola operasi atomik dalam kode konkuren. Anda menggunakannya untuk memastikan bahwa operasi tertentu dilakukan secara atomik tanpa adanya perlombaan kondisi, memastikan bahwa operasi tersebut selesai secara keseluruhan sebelum goroutine lain dapat melanjutkan eksekusi
Apa yang dimaksud dengan tipe data "mutex lock" di Go, dan bagaimana Anda menggunakannya dalam mengatur akses bersama ke sumber daya dalam aplikasi konkurensi?|Mutex lock adalah mekanisme di Go yang digunakan untuk mengatur akses bersama ke sumber daya dalam aplikasi konkurensi. Anda menggunakannya untuk mengamankan sumber daya bersama dari akses konkuren, memastikan bahwa hanya satu goroutine yang dapat mengakses sumber daya pada satu waktu. Ini membantu Anda mencegah perlombaan kondisi dan konflik akses dalam aplikasi konkurensi
Apa yang dimaksud dengan tipe data "defer statement" di Go, dan bagaimana Anda menggunakannya untuk menunda eksekusi kode hingga fungsi selesai dieksekusi?|Defer statement adalah pernyataan di Go yang digunakan untuk menunda eksekusi kode hingga fungsi selesai dieksekusi. Anda menggunakannya untuk memastikan bahwa kode tertentu dieksekusi sebelum fungsi selesai dieksekusi, seperti membersihkan sumber daya atau menutup file
Bagaimana cara Anda menggunakan tipe data "time.Duration" di Go, dan dalam situasi apa Anda akan memilihnya daripada tipe data numerik untuk merepresentasikan durasi waktu?|time.Duration adalah tipe data di Go yang digunakan untuk merepresentasikan durasi waktu dalam satuan nanosekon. Anda akan memilihnya daripada tipe data numerik untuk merepresentasikan durasi waktu karena time.Duration menyediakan metode dan konversi yang berguna untuk bekerja dengan durasi waktu, seperti parsing, pemformatan, dan operasi matematika
Bagaimana cara Anda menggunakan tipe data "time.Timer" di Go, dan dalam situasi apa Anda akan memilihnya daripada tipe data "time.Ticker"?|time.Timer adalah tipe data di Go yang digunakan untuk membuat timer yang akan mengirimkan waktu setelah durasi tertentu. Anda akan memilihnya daripada tipe data time.Ticker ketika Anda perlu menunggu satu kali peristiwa setelah durasi tertentu, sementara time.Ticker lebih cocok digunakan untuk menunggu peristiwa berulang setelah durasi tertentu
Apa yang dimaksud dengan tipe data "time.Ticker" di Go, dan bagaimana Anda menggunakannya untuk membuat timer yang berulang dalam aplikasi Anda?|time.Ticker adalah tipe data di Go yang digunakan untuk membuat timer yang berulang dalam aplikasi Anda. Anda menggunakannya untuk membuat timer yang akan mengirimkan waktu setelah durasi tertentu secara berulang, memungkinkan Anda untuk menjadwalkan tugas-tugas berulang dalam aplikasi Anda
Apa yang dimaksud dengan tipe data "time package" di Go, dan bagaimana Anda menggunakannya untuk bekerja dengan waktu dan durasi dalam aplikasi Anda?|Package time adalah package di Go yang digunakan untuk bekerja dengan waktu dan durasi dalam aplikasi Anda. Anda menggunakannya untuk mengakses waktu sistem, membuat timer, menghitung durasi waktu, dan melakukan operasi lain yang melibatkan waktu dalam aplikasi Anda
Apa yang dimaksud dengan tipe data "recursive function" di Go, dan bagaimana Anda menggunakannya dalam kode Anda?|Recursive function adalah fungsi di Go yang memanggil dirinya sendiri selama eksekusi. Anda menggunakannya untuk menyelesaikan masalah yang dapat dipecahkan dengan cara yang mirip secara rekursif, seperti pencarian dalam struktur data yang berhirarki atau perhitungan yang melibatkan sub-problem berulang
Bagaimana cara Anda menggunakan tipe data "context.DeadlineExceeded" di Go, dan bagaimana Anda menggunakannya dalam menangani kasus di mana konteks telah melewati batas waktu yang ditentukan?|context.DeadlineExceeded adalah nilai yang dikembalikan oleh konteks di Go ketika batas waktu yang ditentukan telah melewati. Anda menggunakannya dalam menangani kasus di mana konteks telah melewati batas waktu yang ditentukan, memungkinkan Anda untuk memberikan respons yang sesuai atau menghentikan eksekusi goroutine yang terkait
Apa yang dimaksud dengan tipe data "context.WithValue" di Go, dan dalam situasi apa Anda akan memilihnya untuk mentransfer data antar-goroutine?|context.WithValue adalah fungsi di Go yang digunakan untuk mentransfer data antar-goroutine melalui konteks. Anda akan memilihnya ketika Anda perlu mentransfer data yang berkaitan dengan konteks tertentu, seperti informasi otentikasi, log, atau konfigurasi, antar-goroutine
Apa yang dimaksud dengan tipe data "context.Background" di Go, dan bagaimana Anda menggunakannya dalam kode Anda?|context.Background adalah konteks default di Go yang digunakan sebagai konteks induk untuk goroutine. Anda menggunakannya dalam kode Anda ketika Anda perlu membuat goroutine yang tidak memiliki konteks spesifik, memastikan bahwa goroutine tersebut memiliki konteks yang aman dan terkoordinasi
Apa yang dimaksud dengan tipe data "context.WithCancel" di Go, dan bagaimana Anda menggunakannya untuk membatalkan eksekusi goroutine yang terkait?|context.WithCancel adalah fungsi di Go yang digunakan untuk membatalkan eksekusi goroutine yang terkait. Anda menggunakannya untuk membuat konteks yang dapat dibatalkan, memungkinkan Anda untuk menghentikan eksekusi goroutine yang terkait dengan konteks tersebut
Apa yang dimaksud dengan tipe data "context.WithTimeout" di Go, dan bagaimana Anda menggunakannya untuk menetapkan batas waktu eksekusi goroutine yang terkait?|context.WithTimeout adalah fungsi di Go yang digunakan untuk menetapkan batas waktu eksekusi goroutine yang terkait. Anda menggunakannya untuk membuat konteks dengan batas waktu tertentu, memastikan bahwa eksekusi goroutine yang terkait berhenti setelah batas waktu tertentu telah tercapai